"","Var1","Var2","value"
"1",1,1,42
"2",2,1,42
"3",3,1,43
"4",1,2,42
"5",2,2,53
"6",3,2,57
"7",1,3,27
"8",2,3,28
"9",3,3,28
"10",1,4,26
"11",2,4,26
"12",3,4,26
"13",1,5,17
"14",2,5,17
"15",3,5,17
"16",1,6,51
"17",2,6,51
"18",3,6,51
"19",1,7,21
"20",2,7,21
"21",3,7,21
"22",1,8,28
"23",2,8,28
"24",3,8,28
"25",1,9,17
"26",2,9,17
"27",3,9,17
"28",1,10,24
"29",2,10,24
"30",3,10,24
"31",1,11,25
"32",2,11,25
"33",3,11,25
"34",1,12,45
"35",2,12,46
"36",3,12,46
"37",1,13,45
"38",2,13,46
"39",3,13,52
"40",1,14,42
"41",2,14,46
"42",3,14,46
"43",1,15,55
"44",2,15,55
"45",3,15,56
"46",1,16,36
"47",2,16,36
"48",3,16,36
"49",1,17,42
"50",2,17,42
"51",3,17,42
"52",1,18,47
"53",2,18,47
"54",3,18,47
"55",1,19,34
"56",2,19,34
"57",3,19,35
"58",1,20,59
"59",2,20,59
"60",3,20,59
"61",1,21,21
"62",2,21,21
"63",3,21,21
"64",1,22,52
"65",2,22,52
"66",3,22,52
"67",1,23,30
"68",2,23,30
"69",3,23,30
"70",1,24,35
"71",2,24,36
"72",3,24,36
"73",1,25,51
"74",2,25,51
"75",3,25,51
"76",1,26,25
"77",2,26,25
"78",3,26,25
"79",1,27,62
"80",2,27,64
"81",3,27,64
"82",1,28,32
"83",2,28,32
"84",3,28,32
"85",1,29,35
"86",2,29,35
"87",3,29,35
"88",1,30,13
"89",2,30,13
"90",3,30,13
"91",1,31,18
"92",2,31,18
"93",3,31,18
"94",1,32,16
"95",2,32,16
"96",3,32,16
"97",1,33,31
"98",2,33,31
"99",3,33,31
"100",1,34,47
"101",2,34,47
"102",3,34,47
"103",1,35,24
"104",2,35,24
"105",3,35,24
"106",1,36,35
"107",2,36,35
"108",3,36,35
"109",1,37,56
"110",2,37,56
"111",3,37,56
"112",1,38,17
"113",2,38,17
"114",3,38,17
"115",1,39,37
"116",2,39,37
"117",3,39,37
"118",1,40,26
"119",2,40,27
"120",3,40,27
"121",1,41,32
"122",2,41,32
"123",3,41,32
"124",1,42,41
"125",2,42,41
"126",3,42,41
"127",1,43,42
"128",2,43,42
"129",3,43,43
"130",1,44,35
"131",2,44,37
"132",3,44,37
"133",1,45,37
"134",2,45,39
"135",3,45,39
"136",1,46,35
"137",2,46,35
"138",3,46,35
"139",1,47,27
"140",2,47,27
"141",3,47,27
"142",1,48,44
"143",2,48,44
"144",3,48,44
"145",1,49,72
"146",2,49,72
"147",3,49,72
"148",1,50,41
"149",2,50,46
"150",3,50,46
"151",1,51,71
"152",2,51,71
"153",3,51,71
"154",1,52,35
"155",2,52,40
"156",3,52,40
"157",1,53,24
"158",2,53,24
"159",3,53,24
"160",1,54,33
"161",2,54,33
"162",3,54,33
"163",1,55,35
"164",2,55,37
"165",3,55,37
"166",1,56,33
"167",2,56,33
"168",3,56,33
"169",1,57,38
"170",2,57,38
"171",3,57,38
"172",1,58,94
"173",2,58,94
"174",3,58,94
"175",1,59,47
"176",2,59,47
"177",3,59,48
"178",1,60,21
"179",2,60,21
"180",3,60,21
"181",1,61,46
"182",2,61,46
"183",3,61,46
"184",1,62,22
"185",2,62,22
"186",3,62,22
"187",1,63,23
"188",2,63,24
"189",3,63,24
"190",1,64,21
"191",2,64,21
"192",3,64,21
"193",1,65,39
"194",2,65,39
"195",3,65,39
"196",1,66,28
"197",2,66,29
"198",3,66,29
"199",1,67,13
"200",2,67,13
"201",3,67,13
"202",1,68,43
"203",2,68,43
"204",3,68,43
"205",1,69,35
"206",2,69,37
"207",3,69,37
"208",1,70,41
"209",2,70,42
"210",3,70,42
"211",1,71,20
"212",2,71,20
"213",3,71,20
"214",1,72,42
"215",2,72,42
"216",3,72,42
"217",1,73,24
"218",2,73,24
"219",3,73,24
"220",1,74,29
"221",2,74,29
"222",3,74,29
"223",1,75,21
"224",2,75,21
"225",3,75,21
"226",1,76,42
"227",2,76,43
"228",3,76,43
"229",1,77,57
"230",2,77,46
"231",3,77,57
"232",1,78,28
"233",2,78,28
"234",3,78,28
"235",1,79,19
"236",2,79,19
"237",3,79,19
"238",1,80,20
"239",2,80,20
"240",3,80,20
"241",1,81,36
"242",2,81,36
"243",3,81,36
"244",1,82,58
"245",2,82,59
"246",3,82,59
"247",1,83,23
"248",2,83,23
"249",3,83,23
"250",1,84,27
"251",2,84,27
"252",3,84,27
"253",1,85,49
"254",2,85,49
"255",3,85,49
"256",1,86,49
"257",2,86,49
"258",3,86,49
"259",1,87,28
"260",2,87,28
"261",3,87,28
"262",1,88,26
"263",2,88,45
"264",3,88,45
"265",1,89,29
"266",2,89,29
"267",3,89,29
"268",1,90,21
"269",2,90,21
"270",3,90,21
"271",1,91,57
"272",2,91,57
"273",3,91,59
"274",1,92,22
"275",2,92,22
"276",3,92,22
"277",1,93,17
"278",2,93,17
"279",3,93,17
"280",1,94,26
"281",2,94,27
"282",3,94,27
"283",1,95,48
"284",2,95,48
"285",3,95,48
"286",1,96,44
"287",2,96,44
"288",3,96,44
"289",1,97,45
"290",2,97,45
"291",3,97,45
"292",1,98,26
"293",2,98,26
"294",3,98,26
"295",1,99,46
"296",2,99,46
"297",3,99,46
"298",1,100,19
"299",2,100,19
"300",3,100,19
"301",1,101,38
"302",2,101,38
"303",3,101,38
"304",1,102,32
"305",2,102,32
"306",3,102,32
"307",1,103,48
"308",2,103,48
"309",3,103,48
"310",1,104,24
"311",2,104,26
"312",3,104,26
"313",1,105,40
"314",2,105,41
"315",3,105,41
"316",1,106,21
"317",2,106,21
"318",3,106,21
"319",1,107,17
"320",2,107,18
"321",3,107,18
"322",1,108,39
"323",2,108,39
"324",3,108,39
"325",1,109,39
"326",2,109,39
"327",3,109,39
"328",1,110,33
"329",2,110,33
"330",3,110,33
"331",1,111,24
"332",2,111,24
"333",3,111,24
"334",1,112,62
"335",2,112,63
"336",3,112,63
"337",1,113,21
"338",2,113,21
"339",3,113,21
"340",1,114,34
"341",2,114,34
"342",3,114,34
"343",1,115,47
"344",2,115,47
"345",3,115,48
"346",1,116,26
"347",2,116,26
"348",3,116,26
"349",1,117,26
"350",2,117,26
"351",3,117,26
"352",1,118,37
"353",2,118,37
"354",3,118,38
"355",1,119,46
"356",2,119,52
"357",3,119,52
"358",1,120,47
"359",2,120,47
"360",3,120,47
"361",1,121,26
"362",2,121,26
"363",3,121,26
"364",1,122,37
"365",2,122,42
"366",3,122,42
"367",1,123,35
"368",2,123,35
"369",3,123,35
"370",1,124,30
"371",2,124,30
"372",3,124,30
"373",1,125,25
"374",2,125,25
"375",3,125,25
"376",1,126,38
"377",2,126,39
"378",3,126,39
"379",1,127,17
"380",2,127,17
"381",3,127,17
"382",1,128,25
"383",2,128,25
"384",3,128,25
"385",1,129,24
"386",2,129,24
"387",3,129,24
"388",1,130,27
"389",2,130,27
"390",3,130,27
"391",1,131,41
"392",2,131,41
"393",3,131,41
"394",1,132,62
"395",2,132,63
"396",3,132,63
"397",1,133,40
"398",2,133,40
"399",3,133,41
"400",1,134,39
"401",2,134,50
"402",3,134,62
"403",1,135,29
"404",2,135,34
"405",3,135,34
"406",1,136,23
"407",2,136,23
"408",3,136,23
"409",1,137,15
"410",2,137,15
"411",3,137,15
"412",1,138,19
"413",2,138,19
"414",3,138,19
"415",1,139,37
"416",2,139,39
"417",3,139,39
"418",1,140,37
"419",2,140,37
"420",3,140,37
"421",1,141,22
"422",2,141,22
"423",3,141,22
"424",1,142,19
"425",2,142,19
"426",3,142,19
"427",1,143,45
"428",2,143,45
"429",3,143,45
"430",1,144,34
"431",2,144,36
"432",3,144,36
"433",1,145,43
"434",2,145,43
"435",3,145,43
"436",1,146,18
"437",2,146,18
"438",3,146,18
"439",1,147,39
"440",2,147,39
"441",3,147,39
"442",1,148,36
"443",2,148,36
"444",3,148,36
"445",1,149,37
"446",2,149,37
"447",3,149,37
"448",1,150,36
"449",2,150,36
"450",3,150,36
"451",1,151,51
"452",2,151,51
"453",3,151,51
"454",1,152,42
"455",2,152,42
"456",3,152,42
"457",1,153,34
"458",2,153,34
"459",3,153,34
"460",1,154,59
"461",2,154,59
"462",3,154,59
"463",1,155,23
"464",2,155,23
"465",3,155,23
"466",1,156,46
"467",2,156,47
"468",3,156,47
"469",1,157,30
"470",2,157,30
"471",3,157,30
"472",1,158,31
"473",2,158,32
"474",3,158,32
"475",1,159,28
"476",2,159,28
"477",3,159,28
"478",1,160,33
"479",2,160,34
"480",3,160,34
"481",1,161,41
"482",2,161,41
"483",3,161,41
"484",1,162,32
"485",2,162,33
"486",3,162,33
"487",1,163,40
"488",2,163,43
"489",3,163,43
"490",1,164,32
"491",2,164,32
"492",3,164,32
"493",1,165,44
"494",2,165,44
"495",3,165,44
"496",1,166,26
"497",2,166,27
"498",3,166,27
"499",1,167,43
"500",2,167,43
"501",3,167,43
"502",1,168,39
"503",2,168,39
"504",3,168,39
"505",1,169,75
"506",2,169,75
"507",3,169,75
"508",1,170,33
"509",2,170,33
"510",3,170,33
"511",1,171,56
"512",2,171,56
"513",3,171,56
"514",1,172,24
"515",2,172,24
"516",3,172,24
"517",1,173,28
"518",2,173,28
"519",3,173,28
"520",1,174,28
"521",2,174,28
"522",3,174,28
"523",1,175,25
"524",2,175,25
"525",3,175,25
"526",1,176,47
"527",2,176,46
"528",3,176,47
"529",1,177,41
"530",2,177,41
"531",3,177,41
"532",1,178,37
"533",2,178,37
"534",3,178,37
"535",1,179,48
"536",2,179,48
"537",3,179,48
"538",1,180,13
"539",2,180,13
"540",3,180,13
"541",1,181,47
"542",2,181,47
"543",3,181,47
"544",1,182,43
"545",2,182,44
"546",3,182,44
"547",1,183,24
"548",2,183,28
"549",3,183,28
"550",1,184,25
"551",2,184,25
"552",3,184,25
"553",1,185,89
"554",2,185,89
"555",3,185,89
"556",1,186,71
"557",2,186,71
"558",3,186,74
"559",1,187,65
"560",2,187,72
"561",3,187,72
"562",1,188,14
"563",2,188,14
"564",3,188,14
"565",1,189,60
"566",2,189,40
"567",3,189,60
"568",1,190,29
"569",2,190,29
"570",3,190,29
"571",1,191,24
"572",2,191,24
"573",3,191,24
"574",1,192,45
"575",2,192,45
"576",3,192,45
"577",1,193,45
"578",2,193,45
"579",3,193,45
"580",1,194,53
"581",2,194,54
"582",3,194,54
"583",1,195,46
"584",2,195,46
"585",3,195,46
"586",1,196,55
"587",2,196,57
"588",3,196,57
"589",1,197,30
"590",2,197,33
"591",3,197,33
"592",1,198,35
"593",2,198,39
"594",3,198,39
"595",1,199,24
"596",2,199,24
"597",3,199,24
"598",1,200,33
"599",2,200,34
"600",3,200,34
"601",1,201,34
"602",2,201,34
"603",3,201,34
"604",1,202,26
"605",2,202,26
"606",3,202,33
"607",1,203,66
"608",2,203,66
"609",3,203,66
"610",1,204,27
"611",2,204,27
"612",3,204,27
"613",1,205,34
"614",2,205,34
"615",3,205,34
"616",1,206,34
"617",2,206,34
"618",3,206,34
"619",1,207,23
"620",2,207,23
"621",3,207,23
"622",1,208,44
"623",2,208,44
"624",3,208,44
"625",1,209,31
"626",2,209,31
"627",3,209,31
"628",1,210,25
"629",2,210,25
"630",3,210,25
"631",1,211,51
"632",2,211,51
"633",3,211,51
"634",1,212,42
"635",2,212,42
"636",3,212,42
"637",1,213,32
"638",2,213,32
"639",3,213,32
"640",1,214,40
"641",2,214,41
"642",3,214,41
"643",1,215,20
"644",2,215,20
"645",3,215,20
"646",1,216,33
"647",2,216,33
"648",3,216,33
"649",1,217,22
"650",2,217,22
"651",3,217,22
"652",1,218,45
"653",2,218,45
"654",3,218,45
"655",1,219,19
"656",2,219,19
"657",3,219,19
"658",1,220,49
"659",2,220,49
"660",3,220,49
"661",1,221,33
"662",2,221,33
"663",3,221,33
"664",1,222,24
"665",2,222,24
"666",3,222,24
"667",1,223,23
"668",2,223,23
"669",3,223,23
"670",1,224,53
"671",2,224,53
"672",3,224,53
"673",1,225,27
"674",2,225,27
"675",3,225,27
"676",1,226,16
"677",2,226,16
"678",3,226,16
"679",1,227,37
"680",2,227,37
"681",3,227,37
"682",1,228,49
"683",2,228,49
"684",3,228,49
"685",1,229,31
"686",2,229,31
"687",3,229,31
"688",1,230,30
"689",2,230,30
"690",3,230,30
"691",1,231,23
"692",2,231,23
"693",3,231,23
"694",1,232,15
"695",2,232,15
"696",3,232,15
"697",1,233,35
"698",2,233,35
"699",3,233,35
"700",1,234,51
"701",2,234,51
"702",3,234,51
"703",1,235,45
"704",2,235,45
"705",3,235,45
"706",1,236,62
"707",2,236,62
"708",3,236,62
"709",1,237,41
"710",2,237,41
"711",3,237,41
"712",1,238,40
"713",2,238,40
"714",3,238,40
"715",1,239,27
"716",2,239,27
"717",3,239,27
"718",1,240,36
"719",2,240,36
"720",3,240,36
"721",1,241,35
"722",2,241,35
"723",3,241,35
"724",1,242,21
"725",2,242,21
"726",3,242,21
"727",1,243,38
"728",2,243,38
"729",3,243,38
"730",1,244,25
"731",2,244,25
"732",3,244,25
"733",1,245,40
"734",2,245,40
"735",3,245,40
"736",1,246,25
"737",2,246,25
"738",3,246,25
"739",1,247,39
"740",2,247,39
"741",3,247,77
"742",1,248,40
"743",2,248,44
"744",3,248,44
"745",1,249,33
"746",2,249,33
"747",3,249,33
"748",1,250,40
"749",2,250,41
"750",3,250,41
"751",1,251,47
"752",2,251,47
"753",3,251,47
"754",1,252,32
"755",2,252,32
"756",3,252,32
"757",1,253,23
"758",2,253,23
"759",3,253,23
"760",1,254,35
"761",2,254,36
"762",3,254,36
"763",1,255,37
"764",2,255,37
"765",3,255,38
"766",1,256,21
"767",2,256,21
"768",3,256,21
"769",1,257,36
"770",2,257,37
"771",3,257,37
"772",1,258,49
"773",2,258,50
"774",3,258,50
"775",1,259,37
"776",2,259,37
"777",3,259,37
"778",1,260,29
"779",2,260,29
"780",3,260,29
"781",1,261,44
"782",2,261,44
"783",3,261,44
"784",1,262,16
"785",2,262,16
"786",3,262,16
"787",1,263,33
"788",2,263,33
"789",3,263,33
"790",1,264,28
"791",2,264,30
"792",3,264,30
"793",1,265,30
"794",2,265,49
"795",3,265,49
"796",1,266,49
"797",2,266,49
"798",3,266,50
"799",1,267,36
"800",2,267,38
"801",3,267,38
"802",1,268,30
"803",2,268,30
"804",3,268,30
"805",1,269,17
"806",2,269,17
"807",3,269,17
"808",1,270,14
"809",2,270,17
"810",3,270,17
"811",1,271,39
"812",2,271,39
"813",3,271,39
"814",1,272,47
"815",2,272,47
"816",3,272,47
"817",1,273,43
"818",2,273,43
"819",3,273,43
"820",1,274,35
"821",2,274,35
"822",3,274,35
"823",1,275,25
"824",2,275,25
"825",3,275,25
"826",1,276,71
"827",2,276,71
"828",3,276,71
"829",1,277,19
"830",2,277,19
"831",3,277,19
"832",1,278,41
"833",2,278,41
"834",3,278,41
"835",1,279,24
"836",2,279,24
"837",3,279,24
"838",1,280,48
"839",2,280,51
"840",3,280,51
"841",1,281,53
"842",2,281,53
"843",3,281,54
"844",1,282,30
"845",2,282,30
"846",3,282,30
"847",1,283,40
"848",2,283,41
"849",3,283,43
"850",1,284,33
"851",2,284,33
"852",3,284,33
"853",1,285,20
"854",2,285,20
"855",3,285,20
"856",1,286,51
"857",2,286,51
"858",3,286,51
"859",1,287,39
"860",2,287,40
"861",3,287,40
"862",1,288,40
"863",2,288,40
"864",3,288,40
"865",1,289,31
"866",2,289,32
"867",3,289,32
"868",1,290,49
"869",2,290,49
"870",3,290,49
"871",1,291,55
"872",2,291,55
"873",3,291,55
"874",1,292,25
"875",2,292,25
"876",3,292,25
"877",1,293,16
"878",2,293,16
"879",3,293,16
"880",1,294,32
"881",2,294,32
"882",3,294,32
"883",1,295,43
"884",2,295,45
"885",3,295,45
"886",1,296,40
"887",2,296,40
"888",3,296,40
"889",1,297,62
"890",2,297,62
"891",3,297,62
"892",1,298,28
"893",2,298,28
"894",3,298,28
"895",1,299,34
"896",2,299,34
"897",3,299,34
"898",1,300,55
"899",2,300,55
"900",3,300,55
"901",1,301,22
"902",2,301,22
"903",3,301,22
"904",1,302,46
"905",2,302,46
"906",3,302,46
"907",1,303,24
"908",2,303,24
"909",3,303,24
"910",1,304,29
"911",2,304,29
"912",3,304,29
"913",1,305,37
"914",2,305,37
"915",3,305,37
"916",1,306,62
"917",2,306,62
"918",3,306,62
"919",1,307,38
"920",2,307,38
"921",3,307,38
"922",1,308,27
"923",2,308,27
"924",3,308,27
"925",1,309,20
"926",2,309,20
"927",3,309,20
"928",1,310,43
"929",2,310,44
"930",3,310,44
"931",1,311,24
"932",2,311,24
"933",3,311,24
"934",1,312,31
"935",2,312,32
"936",3,312,32
"937",1,313,19
"938",2,313,19
"939",3,313,19
"940",1,314,18
"941",2,314,18
"942",3,314,18
"943",1,315,54
"944",2,315,54
"945",3,315,54
"946",1,316,66
"947",2,316,66
"948",3,316,66
"949",1,317,25
"950",2,317,25
"951",3,317,25
"952",1,318,25
"953",2,318,25
"954",3,318,25
"955",1,319,55
"956",2,319,55
"957",3,319,55
"958",1,320,28
"959",2,320,28
"960",3,320,28
"961",1,321,26
"962",2,321,26
"963",3,321,26
"964",1,322,68
"965",2,322,68
"966",3,322,68
"967",1,323,34
"968",2,323,34
"969",3,323,34
"970",1,324,52
"971",2,324,52
"972",3,324,52
"973",1,325,34
"974",2,325,34
"975",3,325,34
"976",1,326,26
"977",2,326,27
"978",3,326,27
"979",1,327,45
"980",2,327,45
"981",3,327,45
"982",1,328,32
"983",2,328,32
"984",3,328,32
"985",1,329,18
"986",2,329,18
"987",3,329,18
"988",1,330,23
"989",2,330,23
"990",3,330,23
"991",1,331,20
"992",2,331,20
"993",3,331,20
"994",1,332,43
"995",2,332,47
"996",3,332,47
"997",1,333,43
"998",2,333,43
"999",3,333,44
"1000",1,334,21
"1001",2,334,22
"1002",3,334,22
"1003",1,335,32
"1004",2,335,32
"1005",3,335,32
"1006",1,336,39
"1007",2,336,39
"1008",3,336,39
"1009",1,337,30
"1010",2,337,30
"1011",3,337,30
"1012",1,338,19
"1013",2,338,19
"1014",3,338,19
"1015",1,339,47
"1016",2,339,47
"1017",3,339,48
"1018",1,340,31
"1019",2,340,31
"1020",3,340,31
"1021",1,341,31
"1022",2,341,31
"1023",3,341,31
"1024",1,342,22
"1025",2,342,22
"1026",3,342,22
"1027",1,343,44
"1028",2,343,44
"1029",3,343,44
"1030",1,344,28
"1031",2,344,28
"1032",3,344,28
"1033",1,345,41
"1034",2,345,42
"1035",3,345,42
"1036",1,346,21
"1037",2,346,21
"1038",3,346,21
"1039",1,347,20
"1040",2,347,20
"1041",3,347,20
"1042",1,348,36
"1043",2,348,36
"1044",3,348,36
"1045",1,349,94
"1046",2,349,94
"1047",3,349,94
"1048",1,350,33
"1049",2,350,33
"1050",3,350,33
"1051",1,351,35
"1052",2,351,35
"1053",3,351,35
"1054",1,352,20
"1055",2,352,20
"1056",3,352,20
"1057",1,353,13
"1058",2,353,13
"1059",3,353,13
"1060",1,354,31
"1061",2,354,31
"1062",3,354,31
"1063",1,355,37
"1064",2,355,37
"1065",3,355,37
"1066",1,356,34
"1067",2,356,35
"1068",3,356,35
"1069",1,357,44
"1070",2,357,44
"1071",3,357,44
"1072",1,358,33
"1073",2,358,33
"1074",3,358,33
"1075",1,359,23
"1076",2,359,23
"1077",3,359,23
"1078",1,360,29
"1079",2,360,32
"1080",3,360,32
"1081",1,361,19
"1082",2,361,19
"1083",3,361,19
"1084",1,362,36
"1085",2,362,37
"1086",3,362,37
"1087",1,363,102
"1088",2,363,102
"1089",3,363,102
"1090",1,364,22
"1091",2,364,24
"1092",3,364,24
"1093",1,365,36
"1094",2,365,36
"1095",3,365,36
"1096",1,366,20
"1097",2,366,20
"1098",3,366,20
"1099",1,367,20
"1100",2,367,20
"1101",3,367,20
"1102",1,368,23
"1103",2,368,24
"1104",3,368,24
"1105",1,369,24
"1106",2,369,24
"1107",3,369,24
"1108",1,370,34
"1109",2,370,35
"1110",3,370,35
"1111",1,371,24
"1112",2,371,24
"1113",3,371,24
"1114",1,372,38
"1115",2,372,39
"1116",3,372,39
"1117",1,373,22
"1118",2,373,22
"1119",3,373,22
"1120",1,374,33
"1121",2,374,33
"1122",3,374,33
"1123",1,375,46
"1124",2,375,48
"1125",3,375,48
"1126",1,376,28
"1127",2,376,28
"1128",3,376,28
"1129",1,377,28
"1130",2,377,28
"1131",3,377,28
"1132",1,378,55
"1133",2,378,55
"1134",3,378,55
"1135",1,379,31
"1136",2,379,32
"1137",3,379,32
"1138",1,380,47
"1139",2,380,48
"1140",3,380,48
"1141",1,381,44
"1142",2,381,46
"1143",3,381,46
"1144",1,382,26
"1145",2,382,26
"1146",3,382,26
"1147",1,383,31
"1148",2,383,31
"1149",3,383,31
"1150",1,384,18
"1151",2,384,18
"1152",3,384,18
"1153",1,385,41
"1154",2,385,41
"1155",3,385,41
"1156",1,386,65
"1157",2,386,65
"1158",3,386,65
"1159",1,387,43
"1160",2,387,45
"1161",3,387,45
"1162",1,388,44
"1163",2,388,40
"1164",3,388,44
"1165",1,389,15
"1166",2,389,15
"1167",3,389,15
"1168",1,390,21
"1169",2,390,21
"1170",3,390,21
"1171",1,391,34
"1172",2,391,34
"1173",3,391,34
"1174",1,392,22
"1175",2,392,22
"1176",3,392,22
"1177",1,393,42
"1178",2,393,42
"1179",3,393,42
"1180",1,394,64
"1181",2,394,64
"1182",3,394,64
"1183",1,395,35
"1184",2,395,43
"1185",3,395,43
"1186",1,396,15
"1187",2,396,15
"1188",3,396,15
"1189",1,397,32
"1190",2,397,32
"1191",3,397,32
"1192",1,398,83
"1193",2,398,83
"1194",3,398,83
"1195",1,399,38
"1196",2,399,38
"1197",3,399,38
"1198",1,400,32
"1199",2,400,32
"1200",3,400,32
"1201",1,401,57
"1202",2,401,57
"1203",3,401,58
"1204",1,402,23
"1205",2,402,23
"1206",3,402,23
"1207",1,403,38
"1208",2,403,38
"1209",3,403,38
"1210",1,404,43
"1211",2,404,43
"1212",3,404,43
"1213",1,405,17
"1214",2,405,17
"1215",3,405,17
"1216",1,406,19
"1217",2,406,19
"1218",3,406,19
"1219",1,407,42
"1220",2,407,47
"1221",3,407,47
"1222",1,408,33
"1223",2,408,33
"1224",3,408,33
"1225",1,409,45
"1226",2,409,46
"1227",3,409,46
"1228",1,410,38
"1229",2,410,39
"1230",3,410,39
"1231",1,411,26
"1232",2,411,26
"1233",3,411,26
"1234",1,412,48
"1235",2,412,50
"1236",3,412,50
"1237",1,413,23
"1238",2,413,23
"1239",3,413,23
"1240",1,414,26
"1241",2,414,26
"1242",3,414,26
"1243",1,415,28
"1244",2,415,28
"1245",3,415,28
"1246",1,416,35
"1247",2,416,35
"1248",3,416,35
"1249",1,417,63
"1250",2,417,63
"1251",3,417,63
"1252",1,418,33
"1253",2,418,34
"1254",3,418,34
"1255",1,419,32
"1256",2,419,32
"1257",3,419,32
"1258",1,420,39
"1259",2,420,46
"1260",3,420,46
"1261",1,421,30
"1262",2,421,30
"1263",3,421,30
"1264",1,422,36
"1265",2,422,36
"1266",3,422,36
"1267",1,423,42
"1268",2,423,42
"1269",3,423,42
"1270",1,424,54
"1271",2,424,55
"1272",3,424,55
"1273",1,425,30
"1274",2,425,31
"1275",3,425,31
"1276",1,426,67
"1277",2,426,67
"1278",3,426,67
"1279",1,427,21
"1280",2,427,21
"1281",3,427,21
"1282",1,428,29
"1283",2,428,29
"1284",3,428,29
"1285",1,429,32
"1286",2,429,32
"1287",3,429,32
"1288",1,430,33
"1289",2,430,33
"1290",3,430,33
"1291",1,431,36
"1292",2,431,36
"1293",3,431,36
"1294",1,432,27
"1295",2,432,27
"1296",3,432,28
"1297",1,433,22
"1298",2,433,22
"1299",3,433,22
"1300",1,434,28
"1301",2,434,28
"1302",3,434,28
"1303",1,435,33
"1304",2,435,33
"1305",3,435,33
"1306",1,436,60
"1307",2,436,60
"1308",3,436,60
"1309",1,437,56
"1310",2,437,56
"1311",3,437,56
"1312",1,438,26
"1313",2,438,27
"1314",3,438,27
"1315",1,439,20
"1316",2,439,20
"1317",3,439,20
"1318",1,440,28
"1319",2,440,28
"1320",3,440,28
"1321",1,441,43
"1322",2,441,43
"1323",3,441,43
"1324",1,442,36
"1325",2,442,37
"1326",3,442,37
"1327",1,443,19
"1328",2,443,19
"1329",3,443,19
"1330",1,444,34
"1331",2,444,34
"1332",3,444,34
"1333",1,445,51
"1334",2,445,51
"1335",3,445,51
"1336",1,446,35
"1337",2,446,35
"1338",3,446,35
"1339",1,447,23
"1340",2,447,23
"1341",3,447,23
"1342",1,448,26
"1343",2,448,33
"1344",3,448,33
"1345",1,449,24
"1346",2,449,24
"1347",3,449,24
"1348",1,450,34
"1349",2,450,35
"1350",3,450,35
"1351",1,451,50
"1352",2,451,45
"1353",3,451,50
"1354",1,452,21
"1355",2,452,21
"1356",3,452,21
"1357",1,453,57
"1358",2,453,57
"1359",3,453,60
"1360",1,454,33
"1361",2,454,35
"1362",3,454,35
"1363",1,455,28
"1364",2,455,29
"1365",3,455,29
"1366",1,456,47
"1367",2,456,51
"1368",3,456,51
"1369",1,457,25
"1370",2,457,25
"1371",3,457,25
"1372",1,458,50
"1373",2,458,50
"1374",3,458,50
"1375",1,459,50
"1376",2,459,51
"1377",3,459,51
"1378",1,460,49
"1379",2,460,49
"1380",3,460,49
"1381",1,461,50
"1382",2,461,50
"1383",3,461,50
"1384",1,462,45
"1385",2,462,45
"1386",3,462,45
"1387",1,463,24
"1388",2,463,24
"1389",3,463,24
"1390",1,464,28
"1391",2,464,28
"1392",3,464,28
"1393",1,465,36
"1394",2,465,38
"1395",3,465,38
"1396",1,466,39
"1397",2,466,39
"1398",3,466,39
"1399",1,467,29
"1400",2,467,29
"1401",3,467,29
"1402",1,468,35
"1403",2,468,35
"1404",3,468,35
"1405",1,469,23
"1406",2,469,23
"1407",3,469,23
"1408",1,470,27
"1409",2,470,27
"1410",3,470,27
"1411",1,471,30
"1412",2,471,30
"1413",3,471,30
"1414",1,472,56
"1415",2,472,56
"1416",3,472,56
"1417",1,473,24
"1418",2,473,24
"1419",3,473,24
"1420",1,474,26
"1421",2,474,26
"1422",3,474,26
"1423",1,475,18
"1424",2,475,18
"1425",3,475,18
"1426",1,476,31
"1427",2,476,31
"1428",3,476,31
"1429",1,477,34
"1430",2,477,34
"1431",3,477,34
"1432",1,478,17
"1433",2,478,17
"1434",3,478,17
"1435",1,479,31
"1436",2,479,31
"1437",3,479,31
"1438",1,480,44
"1439",2,480,47
"1440",3,480,47
"1441",1,481,24
"1442",2,481,24
"1443",3,481,24
"1444",1,482,36
"1445",2,482,36
"1446",3,482,37
"1447",1,483,32
"1448",2,483,32
"1449",3,483,32
"1450",1,484,22
"1451",2,484,22
"1452",3,484,22
"1453",1,485,22
"1454",2,485,22
"1455",3,485,22
"1456",1,486,57
"1457",2,486,57
"1458",3,486,57
"1459",1,487,29
"1460",2,487,29
"1461",3,487,29
"1462",1,488,33
"1463",2,488,33
"1464",3,488,33
"1465",1,489,33
"1466",2,489,33
"1467",3,489,33
"1468",1,490,48
"1469",2,490,48
"1470",3,490,48
"1471",1,491,45
"1472",2,491,46
"1473",3,491,46
"1474",1,492,25
"1475",2,492,28
"1476",3,492,28
"1477",1,493,21
"1478",2,493,21
"1479",3,493,21
"1480",1,494,26
"1481",2,494,26
"1482",3,494,26
"1483",1,495,27
"1484",2,495,27
"1485",3,495,27
"1486",1,496,40
"1487",2,496,43
"1488",3,496,43
"1489",1,497,54
"1490",2,497,54
"1491",3,497,54
"1492",1,498,30
"1493",2,498,30
"1494",3,498,30
"1495",1,499,34
"1496",2,499,34
"1497",3,499,34
"1498",1,500,31
"1499",2,500,31
"1500",3,500,31
"1501",1,501,63
"1502",2,501,65
"1503",3,501,66
"1504",1,502,41
"1505",2,502,42
"1506",3,502,42
"1507",1,503,59
"1508",2,503,59
"1509",3,503,59
"1510",1,504,23
"1511",2,504,24
"1512",3,504,24
"1513",1,505,52
"1514",2,505,52
"1515",3,505,56
"1516",1,506,26
"1517",2,506,26
"1518",3,506,26
"1519",1,507,36
"1520",2,507,37
"1521",3,507,37
"1522",1,508,49
"1523",2,508,49
"1524",3,508,49
"1525",1,509,47
"1526",2,509,47
"1527",3,509,47
"1528",1,510,67
"1529",2,510,68
"1530",3,510,68
"1531",1,511,41
"1532",2,511,41
"1533",3,511,41
"1534",1,512,26
"1535",2,512,26
"1536",3,512,26
"1537",1,513,76
"1538",2,513,76
"1539",3,513,76
"1540",1,514,29
"1541",2,514,29
"1542",3,514,29
"1543",1,515,39
"1544",2,515,41
"1545",3,515,41
"1546",1,516,62
"1547",2,516,59
"1548",3,516,63
"1549",1,517,39
"1550",2,517,40
"1551",3,517,40
"1552",1,518,30
"1553",2,518,30
"1554",3,518,30
"1555",1,519,26
"1556",2,519,26
"1557",3,519,26
"1558",1,520,35
"1559",2,520,35
"1560",3,520,35
"1561",1,521,30
"1562",2,521,33
"1563",3,521,33
"1564",1,522,36
"1565",2,522,36
"1566",3,522,36
"1567",1,523,28
"1568",2,523,28
"1569",3,523,28
"1570",1,524,70
"1571",2,524,70
"1572",3,524,70
"1573",1,525,21
"1574",2,525,21
"1575",3,525,21
"1576",1,526,34
"1577",2,526,34
"1578",3,526,34
"1579",1,527,13
"1580",2,527,13
"1581",3,527,13
"1582",1,528,34
"1583",2,528,34
"1584",3,528,34
"1585",1,529,39
"1586",2,529,39
"1587",3,529,39
"1588",1,530,58
"1589",2,530,58
"1590",3,530,58
"1591",1,531,34
"1592",2,531,35
"1593",3,531,35
"1594",1,532,35
"1595",2,532,35
"1596",3,532,35
"1597",1,533,54
"1598",2,533,54
"1599",3,533,56
"1600",1,534,26
"1601",2,534,26
"1602",3,534,26
"1603",1,535,33
"1604",2,535,38
"1605",3,535,38
"1606",1,536,19
"1607",2,536,19
"1608",3,536,19
"1609",1,537,28
"1610",2,537,28
"1611",3,537,28
"1612",1,538,22
"1613",2,538,22
"1614",3,538,22
"1615",1,539,48
"1616",2,539,48
"1617",3,539,48
"1618",1,540,21
"1619",2,540,21
"1620",3,540,21
"1621",1,541,16
"1622",2,541,16
"1623",3,541,16
"1624",1,542,20
"1625",2,542,20
"1626",3,542,20
"1627",1,543,44
"1628",2,543,44
"1629",3,543,45
"1630",1,544,38
"1631",2,544,38
"1632",3,544,38
"1633",1,545,39
"1634",2,545,42
"1635",3,545,42
"1636",1,546,16
"1637",2,546,16
"1638",3,546,16
"1639",1,547,58
"1640",2,547,58
"1641",3,547,58
"1642",1,548,44
"1643",2,548,45
"1644",3,548,45
"1645",1,549,46
"1646",2,549,46
"1647",3,549,46
"1648",1,550,51
"1649",2,550,52
"1650",3,550,52
"1651",1,551,65
"1652",2,551,65
"1653",3,551,65
"1654",1,552,25
"1655",2,552,25
"1656",3,552,25
"1657",1,553,28
"1658",2,553,28
"1659",3,553,28
"1660",1,554,32
"1661",2,554,32
"1662",3,554,32
"1663",1,555,32
"1664",2,555,32
"1665",3,555,32
"1666",1,556,33
"1667",2,556,33
"1668",3,556,33
"1669",1,557,31
"1670",2,557,31
"1671",3,557,31
"1672",1,558,24
"1673",2,558,24
"1674",3,558,24
"1675",1,559,34
"1676",2,559,34
"1677",3,559,34
"1678",1,560,49
"1679",2,560,51
"1680",3,560,57
"1681",1,561,20
"1682",2,561,20
"1683",3,561,20
"1684",1,562,21
"1685",2,562,21
"1686",3,562,21
"1687",1,563,27
"1688",2,563,27
"1689",3,563,27
"1690",1,564,44
"1691",2,564,44
"1692",3,564,44
"1693",1,565,17
"1694",2,565,17
"1695",3,565,17
"1696",1,566,21
"1697",2,566,21
"1698",3,566,21
"1699",1,567,37
"1700",2,567,37
"1701",3,567,38
"1702",1,568,26
"1703",2,568,26
"1704",3,568,26
"1705",1,569,44
"1706",2,569,44
"1707",3,569,44
"1708",1,570,21
"1709",2,570,21
"1710",3,570,21
"1711",1,571,22
"1712",2,571,22
"1713",3,571,22
"1714",1,572,41
"1715",2,572,42
"1716",3,572,42
"1717",1,573,55
"1718",2,573,56
"1719",3,573,56
"1720",1,574,25
"1721",2,574,25
"1722",3,574,25
"1723",1,575,33
"1724",2,575,33
"1725",3,575,33
"1726",1,576,25
"1727",2,576,25
"1728",3,576,25
"1729",1,577,34
"1730",2,577,34
"1731",3,577,34
"1732",1,578,45
"1733",2,578,47
"1734",3,578,47
"1735",1,579,26
"1736",2,579,26
"1737",3,579,26
"1738",1,580,46
"1739",2,580,48
"1740",3,580,48
"1741",1,581,27
"1742",2,581,27
"1743",3,581,27
"1744",1,582,65
"1745",2,582,66
"1746",3,582,67
"1747",1,583,35
"1748",2,583,35
"1749",3,583,35
"1750",1,584,65
"1751",2,584,65
"1752",3,584,65
"1753",1,585,19
"1754",2,585,19
"1755",3,585,19
"1756",1,586,33
"1757",2,586,42
"1758",3,586,42
"1759",1,587,29
"1760",2,587,29
"1761",3,587,29
"1762",1,588,28
"1763",2,588,28
"1764",3,588,28
"1765",1,589,24
"1766",2,589,24
"1767",3,589,24
"1768",1,590,45
"1769",2,590,52
"1770",3,590,52
"1771",1,591,21
"1772",2,591,21
"1773",3,591,21
"1774",1,592,22
"1775",2,592,22
"1776",3,592,22
"1777",1,593,17
"1778",2,593,18
"1779",3,593,18
"1780",1,594,38
"1781",2,594,38
"1782",3,594,38
"1783",1,595,44
"1784",2,595,44
"1785",3,595,44
"1786",1,596,26
"1787",2,596,27
"1788",3,596,27
"1789",1,597,34
"1790",2,597,34
"1791",3,597,34
"1792",1,598,20
"1793",2,598,20
"1794",3,598,20
"1795",1,599,51
"1796",2,599,51
"1797",3,599,51
"1798",1,600,25
"1799",2,600,25
"1800",3,600,25
"1801",1,601,38
"1802",2,601,38
"1803",3,601,38
"1804",1,602,65
"1805",2,602,65
"1806",3,602,65
"1807",1,603,16
"1808",2,603,16
"1809",3,603,16
"1810",1,604,42
"1811",2,604,42
"1812",3,604,42
"1813",1,605,32
"1814",2,605,32
"1815",3,605,32
"1816",1,606,37
"1817",2,606,38
"1818",3,606,38
"1819",1,607,28
"1820",2,607,28
"1821",3,607,28
"1822",1,608,30
"1823",2,608,30
"1824",3,608,30
"1825",1,609,15
"1826",2,609,15
"1827",3,609,15
"1828",1,610,23
"1829",2,610,23
"1830",3,610,23
"1831",1,611,28
"1832",2,611,31
"1833",3,611,50
"1834",1,612,43
"1835",2,612,43
"1836",3,612,43
"1837",1,613,35
"1838",2,613,35
"1839",3,613,35
"1840",1,614,45
"1841",2,614,48
"1842",3,614,48
"1843",1,615,27
"1844",2,615,27
"1845",3,615,27
"1846",1,616,43
"1847",2,616,44
"1848",3,616,44
"1849",1,617,37
"1850",2,617,37
"1851",3,617,37
"1852",1,618,32
"1853",2,618,48
"1854",3,618,48
"1855",1,619,39
"1856",2,619,39
"1857",3,619,39
"1858",1,620,43
"1859",2,620,44
"1860",3,620,44
"1861",1,621,21
"1862",2,621,23
"1863",3,621,23
"1864",1,622,51
"1865",2,622,51
"1866",3,622,51
"1867",1,623,55
"1868",2,623,55
"1869",3,623,56
"1870",1,624,24
"1871",2,624,24
"1872",3,624,24
"1873",1,625,31
"1874",2,625,33
"1875",3,625,33
"1876",1,626,29
"1877",2,626,30
"1878",3,626,30
"1879",1,627,26
"1880",2,627,26
"1881",3,627,26
"1882",1,628,49
"1883",2,628,49
"1884",3,628,49
"1885",1,629,25
"1886",2,629,27
"1887",3,629,27
"1888",1,630,28
"1889",2,630,28
"1890",3,630,28
"1891",1,631,28
"1892",2,631,28
"1893",3,631,28
"1894",1,632,31
"1895",2,632,31
"1896",3,632,31
"1897",1,633,38
"1898",2,633,38
"1899",3,633,38
"1900",1,634,43
"1901",2,634,43
"1902",3,634,44
"1903",1,635,27
"1904",2,635,29
"1905",3,635,29
"1906",1,636,16
"1907",2,636,16
"1908",3,636,16
"1909",1,637,54
"1910",2,637,54
"1911",3,637,54
"1912",1,638,29
"1913",2,638,29
"1914",3,638,29
"1915",1,639,36
"1916",2,639,37
"1917",3,639,37
"1918",1,640,29
"1919",2,640,29
"1920",3,640,29
"1921",1,641,22
"1922",2,641,22
"1923",3,641,22
"1924",1,642,26
"1925",2,642,26
"1926",3,642,26
"1927",1,643,39
"1928",2,643,39
"1929",3,643,39
"1930",1,644,26
"1931",2,644,26
"1932",3,644,26
"1933",1,645,24
"1934",2,645,24
"1935",3,645,24
"1936",1,646,50
"1937",2,646,51
"1938",3,646,51
"1939",1,647,28
"1940",2,647,28
"1941",3,647,28
"1942",1,648,22
"1943",2,648,22
"1944",3,648,22
"1945",1,649,40
"1946",2,649,40
"1947",3,649,40
"1948",1,650,21
"1949",2,650,21
"1950",3,650,21
"1951",1,651,51
"1952",2,651,51
"1953",3,651,51
"1954",1,652,34
"1955",2,652,34
"1956",3,652,34
"1957",1,653,16
"1958",2,653,26
"1959",3,653,26
"1960",1,654,18
"1961",2,654,18
"1962",3,654,18
"1963",1,655,26
"1964",2,655,26
"1965",3,655,26
"1966",1,656,54
"1967",2,656,54
"1968",3,656,54
"1969",1,657,29
"1970",2,657,29
"1971",3,657,29
"1972",1,658,44
"1973",2,658,44
"1974",3,658,44
"1975",1,659,40
"1976",2,659,42
"1977",3,659,42
"1978",1,660,42
"1979",2,660,42
"1980",3,660,42
"1981",1,661,40
"1982",2,661,40
"1983",3,661,40
"1984",1,662,41
"1985",2,662,43
"1986",3,662,43
"1987",1,663,30
"1988",2,663,30
"1989",3,663,30
"1990",1,664,48
"1991",2,664,48
"1992",3,664,48
"1993",1,665,51
"1994",2,665,54
"1995",3,665,54
"1996",1,666,25
"1997",2,666,25
"1998",3,666,25
"1999",1,667,49
"2000",2,667,50
"2001",3,667,50
"2002",1,668,64
"2003",2,668,64
"2004",3,668,64
"2005",1,669,24
"2006",2,669,24
"2007",3,669,24
"2008",1,670,24
"2009",2,670,24
"2010",3,670,24
"2011",1,671,24
"2012",2,671,24
"2013",3,671,24
"2014",1,672,43
"2015",2,672,43
"2016",3,672,43
"2017",1,673,34
"2018",2,673,34
"2019",3,673,34
"2020",1,674,53
"2021",2,674,41
"2022",3,674,53
"2023",1,675,15
"2024",2,675,15
"2025",3,675,15
"2026",1,676,43
"2027",2,676,43
"2028",3,676,43
"2029",1,677,54
"2030",2,677,54
"2031",3,677,54
"2032",1,678,51
"2033",2,678,53
"2034",3,678,53
"2035",1,679,25
"2036",2,679,25
"2037",3,679,25
"2038",1,680,30
"2039",2,680,30
"2040",3,680,30
"2041",1,681,24
"2042",2,681,24
"2043",3,681,24
"2044",1,682,20
"2045",2,682,20
"2046",3,682,20
"2047",1,683,26
"2048",2,683,26
"2049",3,683,26
"2050",1,684,25
"2051",2,684,25
"2052",3,684,25
"2053",1,685,41
"2054",2,685,41
"2055",3,685,41
"2056",1,686,57
"2057",2,686,57
"2058",3,686,57
"2059",1,687,15
"2060",2,687,15
"2061",3,687,15
"2062",1,688,44
"2063",2,688,45
"2064",3,688,45
"2065",1,689,37
"2066",2,689,41
"2067",3,689,41
"2068",1,690,20
"2069",2,690,20
"2070",3,690,20
"2071",1,691,46
"2072",2,691,46
"2073",3,691,46
"2074",1,692,45
"2075",2,692,45
"2076",3,692,45
"2077",1,693,33
"2078",2,693,34
"2079",3,693,34
"2080",1,694,56
"2081",2,694,56
"2082",3,694,56
"2083",1,695,17
"2084",2,695,17
"2085",3,695,17
"2086",1,696,34
"2087",2,696,34
"2088",3,696,34
"2089",1,697,25
"2090",2,697,25
"2091",3,697,25
"2092",1,698,58
"2093",2,698,58
"2094",3,698,58
"2095",1,699,24
"2096",2,699,24
"2097",3,699,24
"2098",1,700,27
"2099",2,700,29
"2100",3,700,33
"2101",1,701,34
"2102",2,701,34
"2103",3,701,34
"2104",1,702,49
"2105",2,702,51
"2106",3,702,51
"2107",1,703,39
"2108",2,703,39
"2109",3,703,39
"2110",1,704,63
"2111",2,704,63
"2112",3,704,63
"2113",1,705,28
"2114",2,705,28
"2115",3,705,28
"2116",1,706,52
"2117",2,706,52
"2118",3,706,52
"2119",1,707,26
"2120",2,707,26
"2121",3,707,26
"2122",1,708,46
"2123",2,708,46
"2124",3,708,48
"2125",1,709,34
"2126",2,709,34
"2127",3,709,34
"2128",1,710,39
"2129",2,710,40
"2130",3,710,41
"2131",1,711,18
"2132",2,711,18
"2133",3,711,18
"2134",1,712,19
"2135",2,712,19
"2136",3,712,20
"2137",1,713,33
"2138",2,713,39
"2139",3,713,39
"2140",1,714,35
"2141",2,714,35
"2142",3,714,35
"2143",1,715,18
"2144",2,715,18
"2145",3,715,18
"2146",1,716,41
"2147",2,716,41
"2148",3,716,41
"2149",1,717,30
"2150",2,717,30
"2151",3,717,30
"2152",1,718,32
"2153",2,718,33
"2154",3,718,33
"2155",1,719,66
"2156",2,719,66
"2157",3,719,66
"2158",1,720,15
"2159",2,720,15
"2160",3,720,15
"2161",1,721,32
"2162",2,721,32
"2163",3,721,32
"2164",1,722,59
"2165",2,722,59
"2166",3,722,59
"2167",1,723,62
"2168",2,723,62
"2169",3,723,62
"2170",1,724,31
"2171",2,724,32
"2172",3,724,32
"2173",1,725,47
"2174",2,725,47
"2175",3,725,47
"2176",1,726,22
"2177",2,726,22
"2178",3,726,22
"2179",1,727,25
"2180",2,727,25
"2181",3,727,25
"2182",1,728,34
"2183",2,728,40
"2184",3,728,44
"2185",1,729,52
"2186",2,729,52
"2187",3,729,52
"2188",1,730,19
"2189",2,730,19
"2190",3,730,19
"2191",1,731,28
"2192",2,731,30
"2193",3,731,30
"2194",1,732,54
"2195",2,732,54
"2196",3,732,54
"2197",1,733,24
"2198",2,733,24
"2199",3,733,24
"2200",1,734,33
"2201",2,734,33
"2202",3,734,35
"2203",1,735,43
"2204",2,735,43
"2205",3,735,43
"2206",1,736,56
"2207",2,736,56
"2208",3,736,56
"2209",1,737,24
"2210",2,737,24
"2211",3,737,24
"2212",1,738,40
"2213",2,738,40
"2214",3,738,40
"2215",1,739,27
"2216",2,739,39
"2217",3,739,39
"2218",1,740,41
"2219",2,740,41
"2220",3,740,41
"2221",1,741,50
"2222",2,741,50
"2223",3,741,50
"2224",1,742,25
"2225",2,742,25
"2226",3,742,25
"2227",1,743,27
"2228",2,743,29
"2229",3,743,29
"2230",1,744,52
"2231",2,744,52
"2232",3,744,52
"2233",1,745,44
"2234",2,745,44
"2235",3,745,44
"2236",1,746,23
"2237",2,746,23
"2238",3,746,23
"2239",1,747,62
"2240",2,747,63
"2241",3,747,63
"2242",1,748,36
"2243",2,748,36
"2244",3,748,36
"2245",1,749,58
"2246",2,749,58
"2247",3,749,58
"2248",1,750,61
"2249",2,750,61
"2250",3,750,61
"2251",1,751,45
"2252",2,751,45
"2253",3,751,45
"2254",1,752,33
"2255",2,752,33
"2256",3,752,33
"2257",1,753,19
"2258",2,753,19
"2259",3,753,19
"2260",1,754,37
"2261",2,754,37
"2262",3,754,37
"2263",1,755,33
"2264",2,755,33
"2265",3,755,33
"2266",1,756,55
"2267",2,756,56
"2268",3,756,56
"2269",1,757,26
"2270",2,757,26
"2271",3,757,26
"2272",1,758,54
"2273",2,758,55
"2274",3,758,55
"2275",1,759,39
"2276",2,759,39
"2277",3,759,39
"2278",1,760,19
"2279",2,760,20
"2280",3,760,20
"2281",1,761,36
"2282",2,761,36
"2283",3,761,36
"2284",1,762,45
"2285",2,762,45
"2286",3,762,45
"2287",1,763,68
"2288",2,763,68
"2289",3,763,68
"2290",1,764,18
"2291",2,764,18
"2292",3,764,18
"2293",1,765,29
"2294",2,765,29
"2295",3,765,29
"2296",1,766,15
"2297",2,766,15
"2298",3,766,15
"2299",1,767,46
"2300",2,767,46
"2301",3,767,46
"2302",1,768,57
"2303",2,768,57
"2304",3,768,57
"2305",1,769,30
"2306",2,769,32
"2307",3,769,32
"2308",1,770,47
"2309",2,770,48
"2310",3,770,48
"2311",1,771,40
"2312",2,771,40
"2313",3,771,40
"2314",1,772,19
"2315",2,772,19
"2316",3,772,19
"2317",1,773,32
"2318",2,773,32
"2319",3,773,32
"2320",1,774,15
"2321",2,774,15
"2322",3,774,15
"2323",1,775,21
"2324",2,775,21
"2325",3,775,21
"2326",1,776,55
"2327",2,776,55
"2328",3,776,55
"2329",1,777,40
"2330",2,777,40
"2331",3,777,40
"2332",1,778,26
"2333",2,778,26
"2334",3,778,26
"2335",1,779,27
"2336",2,779,27
"2337",3,779,27
"2338",1,780,46
"2339",2,780,46
"2340",3,780,46
"2341",1,781,24
"2342",2,781,26
"2343",3,781,26
"2344",1,782,31
"2345",2,782,31
"2346",3,782,31
"2347",1,783,40
"2348",2,783,40
"2349",3,783,40
"2350",1,784,57
"2351",2,784,58
"2352",3,784,58
"2353",1,785,43
"2354",2,785,49
"2355",3,785,49
"2356",1,786,31
"2357",2,786,31
"2358",3,786,31
"2359",1,787,26
"2360",2,787,26
"2361",3,787,26
"2362",1,788,32
"2363",2,788,32
"2364",3,788,32
"2365",1,789,27
"2366",2,789,30
"2367",3,789,30
"2368",1,790,17
"2369",2,790,17
"2370",3,790,17
"2371",1,791,36
"2372",2,791,36
"2373",3,791,36
"2374",1,792,28
"2375",2,792,28
"2376",3,792,29
"2377",1,793,34
"2378",2,793,34
"2379",3,793,34
"2380",1,794,39
"2381",2,794,39
"2382",3,794,39
"2383",1,795,27
"2384",2,795,28
"2385",3,795,30
"2386",1,796,26
"2387",2,796,26
"2388",3,796,26
"2389",1,797,22
"2390",2,797,22
"2391",3,797,22
"2392",1,798,15
"2393",2,798,15
"2394",3,798,15
"2395",1,799,71
"2396",2,799,71
"2397",3,799,71
"2398",1,800,35
"2399",2,800,35
"2400",3,800,35
"2401",1,801,31
"2402",2,801,31
"2403",3,801,31
"2404",1,802,38
"2405",2,802,39
"2406",3,802,39
"2407",1,803,70
"2408",2,803,70
"2409",3,803,70
"2410",1,804,38
"2411",2,804,38
"2412",3,804,38
"2413",1,805,21
"2414",2,805,21
"2415",3,805,21
"2416",1,806,58
"2417",2,806,36
"2418",3,806,58
"2419",1,807,43
"2420",2,807,44
"2421",3,807,44
"2422",1,808,31
"2423",2,808,31
"2424",3,808,31
"2425",1,809,40
"2426",2,809,40
"2427",3,809,40
"2428",1,810,38
"2429",2,810,38
"2430",3,810,38
"2431",1,811,50
"2432",2,811,50
"2433",3,811,50
"2434",1,812,35
"2435",2,812,35
"2436",3,812,35
"2437",1,813,24
"2438",2,813,24
"2439",3,813,24
"2440",1,814,17
"2441",2,814,17
"2442",3,814,17
"2443",1,815,42
"2444",2,815,42
"2445",3,815,42
"2446",1,816,32
"2447",2,816,32
"2448",3,816,32
"2449",1,817,24
"2450",2,817,24
"2451",3,817,24
"2452",1,818,23
"2453",2,818,25
"2454",3,818,25
"2455",1,819,38
"2456",2,819,40
"2457",3,819,40
"2458",1,820,31
"2459",2,820,31
"2460",3,820,31
"2461",1,821,35
"2462",2,821,35
"2463",3,821,35
"2464",1,822,27
"2465",2,822,27
"2466",3,822,27
"2467",1,823,44
"2468",2,823,44
"2469",3,823,44
"2470",1,824,20
"2471",2,824,20
"2472",3,824,20
"2473",1,825,25
"2474",2,825,25
"2475",3,825,25
"2476",1,826,28
"2477",2,826,28
"2478",3,826,28
"2479",1,827,67
"2480",2,827,67
"2481",3,827,67
"2482",1,828,47
"2483",2,828,47
"2484",3,828,47
"2485",1,829,31
"2486",2,829,32
"2487",3,829,32
"2488",1,830,41
"2489",2,830,41
"2490",3,830,41
"2491",1,831,13
"2492",2,831,13
"2493",3,831,13
"2494",1,832,30
"2495",2,832,30
"2496",3,832,30
"2497",1,833,39
"2498",2,833,39
"2499",3,833,39
"2500",1,834,43
"2501",2,834,43
"2502",3,834,43
"2503",1,835,39
"2504",2,835,39
"2505",3,835,39
"2506",1,836,47
"2507",2,836,49
"2508",3,836,49
"2509",1,837,22
"2510",2,837,22
"2511",3,837,22
"2512",1,838,51
"2513",2,838,52
"2514",3,838,52
"2515",1,839,20
"2516",2,839,34
"2517",3,839,34
"2518",1,840,33
"2519",2,840,33
"2520",3,840,33
"2521",1,841,30
"2522",2,841,31
"2523",3,841,31
"2524",1,842,52
"2525",2,842,52
"2526",3,842,52
"2527",1,843,40
"2528",2,843,41
"2529",3,843,41
"2530",1,844,31
"2531",2,844,33
"2532",3,844,33
"2533",1,845,39
"2534",2,845,40
"2535",3,845,40
"2536",1,846,24
"2537",2,846,24
"2538",3,846,24
"2539",1,847,36
"2540",2,847,36
"2541",3,847,36
"2542",1,848,29
"2543",2,848,29
"2544",3,848,29
"2545",1,849,39
"2546",2,849,39
"2547",3,849,39
"2548",1,850,35
"2549",2,850,35
"2550",3,850,35
"2551",1,851,38
"2552",2,851,38
"2553",3,851,38
"2554",1,852,50
"2555",2,852,48
"2556",3,852,50
"2557",1,853,33
"2558",2,853,34
"2559",3,853,34
"2560",1,854,31
"2561",2,854,32
"2562",3,854,32
"2563",1,855,28
"2564",2,855,28
"2565",3,855,28
"2566",1,856,59
"2567",2,856,59
"2568",3,856,59
"2569",1,857,50
"2570",2,857,50
"2571",3,857,50
"2572",1,858,25
"2573",2,858,25
"2574",3,858,25
"2575",1,859,22
"2576",2,859,22
"2577",3,859,22
"2578",1,860,22
"2579",2,860,22
"2580",3,860,22
"2581",1,861,22
"2582",2,861,22
"2583",3,861,22
"2584",1,862,15
"2585",2,862,15
"2586",3,862,15
"2587",1,863,17
"2588",2,863,17
"2589",3,863,17
"2590",1,864,24
"2591",2,864,24
"2592",3,864,24
"2593",1,865,17
"2594",2,865,17
"2595",3,865,17
"2596",1,866,68
"2597",2,866,69
"2598",3,866,69
"2599",1,867,16
"2600",2,867,16
"2601",3,867,16
"2602",1,868,77
"2603",2,868,77
"2604",3,868,84
"2605",1,869,31
"2606",2,869,31
"2607",3,869,36
"2608",1,870,44
"2609",2,870,46
"2610",3,870,46
"2611",1,871,25
"2612",2,871,26
"2613",3,871,26
"2614",1,872,42
"2615",2,872,42
"2616",3,872,42
"2617",1,873,26
"2618",2,873,26
"2619",3,873,26
"2620",1,874,86
"2621",2,874,86
"2622",3,874,86
"2623",1,875,33
"2624",2,875,33
"2625",3,875,33
"2626",1,876,82
"2627",2,876,82
"2628",3,876,82
"2629",1,877,28
"2630",2,877,28
"2631",3,877,28
"2632",1,878,22
"2633",2,878,22
"2634",3,878,22
"2635",1,879,37
"2636",2,879,37
"2637",3,879,37
"2638",1,880,28
"2639",2,880,28
"2640",3,880,28
"2641",1,881,60
"2642",2,881,60
"2643",3,881,60
"2644",1,882,27
"2645",2,882,27
"2646",3,882,27
"2647",1,883,23
"2648",2,883,23
"2649",3,883,23
"2650",1,884,22
"2651",2,884,22
"2652",3,884,22
"2653",1,885,51
"2654",2,885,38
"2655",3,885,54
"2656",1,886,35
"2657",2,886,35
"2658",3,886,35
"2659",1,887,61
"2660",2,887,61
"2661",3,887,61
"2662",1,888,29
"2663",2,888,30
"2664",3,888,30
"2665",1,889,26
"2666",2,889,26
"2667",3,889,26
"2668",1,890,36
"2669",2,890,39
"2670",3,890,39
"2671",1,891,42
"2672",2,891,46
"2673",3,891,46
"2674",1,892,48
"2675",2,892,48
"2676",3,892,48
"2677",1,893,34
"2678",2,893,34
"2679",3,893,34
"2680",1,894,23
"2681",2,894,23
"2682",3,894,23
"2683",1,895,40
"2684",2,895,40
"2685",3,895,40
"2686",1,896,35
"2687",2,896,35
"2688",3,896,35
"2689",1,897,50
"2690",2,897,50
"2691",3,897,51
"2692",1,898,36
"2693",2,898,37
"2694",3,898,37
"2695",1,899,28
"2696",2,899,28
"2697",3,899,28
"2698",1,900,38
"2699",2,900,40
"2700",3,900,40
"2701",1,901,35
"2702",2,901,35
"2703",3,901,35
"2704",1,902,20
"2705",2,902,20
"2706",3,902,20
"2707",1,903,43
"2708",2,903,43
"2709",3,903,43
"2710",1,904,26
"2711",2,904,27
"2712",3,904,27
"2713",1,905,37
"2714",2,905,37
"2715",3,905,37
"2716",1,906,31
"2717",2,906,32
"2718",3,906,32
"2719",1,907,28
"2720",2,907,28
"2721",3,907,28
"2722",1,908,25
"2723",2,908,25
"2724",3,908,25
"2725",1,909,43
"2726",2,909,43
"2727",3,909,43
"2728",1,910,38
"2729",2,910,38
"2730",3,910,38
"2731",1,911,18
"2732",2,911,18
"2733",3,911,18
"2734",1,912,35
"2735",2,912,35
"2736",3,912,35
"2737",1,913,60
"2738",2,913,60
"2739",3,913,60
"2740",1,914,25
"2741",2,914,25
"2742",3,914,25
"2743",1,915,17
"2744",2,915,17
"2745",3,915,17
"2746",1,916,25
"2747",2,916,25
"2748",3,916,25
"2749",1,917,14
"2750",2,917,14
"2751",3,917,14
"2752",1,918,31
"2753",2,918,31
"2754",3,918,31
"2755",1,919,31
"2756",2,919,31
"2757",3,919,31
"2758",1,920,50
"2759",2,920,50
"2760",3,920,50
"2761",1,921,41
"2762",2,921,41
"2763",3,921,41
"2764",1,922,17
"2765",2,922,17
"2766",3,922,17
"2767",1,923,40
"2768",2,923,40
"2769",3,923,40
"2770",1,924,25
"2771",2,924,25
"2772",3,924,25
"2773",1,925,33
"2774",2,925,33
"2775",3,925,33
"2776",1,926,37
"2777",2,926,37
"2778",3,926,37
"2779",1,927,19
"2780",2,927,19
"2781",3,927,19
"2782",1,928,30
"2783",2,928,30
"2784",3,928,30
"2785",1,929,41
"2786",2,929,34
"2787",3,929,41
"2788",1,930,43
"2789",2,930,43
"2790",3,930,43
"2791",1,931,73
"2792",2,931,73
"2793",3,931,74
"2794",1,932,29
"2795",2,932,29
"2796",3,932,29
"2797",1,933,35
"2798",2,933,43
"2799",3,933,43
"2800",1,934,29
"2801",2,934,31
"2802",3,934,31
"2803",1,935,57
"2804",2,935,57
"2805",3,935,57
"2806",1,936,43
"2807",2,936,44
"2808",3,936,45
"2809",1,937,34
"2810",2,937,34
"2811",3,937,34
"2812",1,938,38
"2813",2,938,38
"2814",3,938,38
"2815",1,939,23
"2816",2,939,23
"2817",3,939,23
"2818",1,940,33
"2819",2,940,34
"2820",3,940,34
"2821",1,941,48
"2822",2,941,48
"2823",3,941,48
"2824",1,942,40
"2825",2,942,41
"2826",3,942,41
"2827",1,943,46
"2828",2,943,46
"2829",3,943,46
"2830",1,944,29
"2831",2,944,29
"2832",3,944,29
"2833",1,945,25
"2834",2,945,25
"2835",3,945,25
"2836",1,946,40
"2837",2,946,40
"2838",3,946,40
"2839",1,947,25
"2840",2,947,25
"2841",3,947,25
"2842",1,948,33
"2843",2,948,34
"2844",3,948,34
"2845",1,949,28
"2846",2,949,28
"2847",3,949,28
"2848",1,950,16
"2849",2,950,16
"2850",3,950,16
"2851",1,951,37
"2852",2,951,37
"2853",3,951,37
"2854",1,952,45
"2855",2,952,48
"2856",3,952,48
"2857",1,953,43
"2858",2,953,43
"2859",3,953,43
"2860",1,954,22
"2861",2,954,22
"2862",3,954,22
"2863",1,955,51
"2864",2,955,51
"2865",3,955,51
"2866",1,956,14
"2867",2,956,14
"2868",3,956,14
"2869",1,957,44
"2870",2,957,44
"2871",3,957,44
"2872",1,958,49
"2873",2,958,50
"2874",3,958,50
"2875",1,959,30
"2876",2,959,32
"2877",3,959,32
"2878",1,960,47
"2879",2,960,47
"2880",3,960,48
"2881",1,961,21
"2882",2,961,21
"2883",3,961,21
"2884",1,962,56
"2885",2,962,56
"2886",3,962,56
"2887",1,963,51
"2888",2,963,51
"2889",3,963,51
"2890",1,964,82
"2891",2,964,82
"2892",3,964,82
"2893",1,965,47
"2894",2,965,53
"2895",3,965,56
"2896",1,966,44
"2897",2,966,44
"2898",3,966,44
"2899",1,967,27
"2900",2,967,27
"2901",3,967,27
"2902",1,968,18
"2903",2,968,18
"2904",3,968,18
"2905",1,969,25
"2906",2,969,25
"2907",3,969,25
"2908",1,970,30
"2909",2,970,30
"2910",3,970,30
"2911",1,971,26
"2912",2,971,26
"2913",3,971,26
"2914",1,972,35
"2915",2,972,39
"2916",3,972,39
"2917",1,973,47
"2918",2,973,49
"2919",3,973,49
"2920",1,974,15
"2921",2,974,15
"2922",3,974,15
"2923",1,975,42
"2924",2,975,43
"2925",3,975,43
"2926",1,976,40
"2927",2,976,43
"2928",3,976,43
"2929",1,977,51
"2930",2,977,51
"2931",3,977,51
"2932",1,978,29
"2933",2,978,29
"2934",3,978,29
"2935",1,979,57
"2936",2,979,57
"2937",3,979,57
"2938",1,980,22
"2939",2,980,22
"2940",3,980,22
"2941",1,981,35
"2942",2,981,36
"2943",3,981,36
"2944",1,982,65
"2945",2,982,65
"2946",3,982,66
"2947",1,983,14
"2948",2,983,14
"2949",3,983,14
"2950",1,984,40
"2951",2,984,40
"2952",3,984,40
"2953",1,985,29
"2954",2,985,29
"2955",3,985,29
"2956",1,986,27
"2957",2,986,27
"2958",3,986,27
"2959",1,987,26
"2960",2,987,26
"2961",3,987,26
"2962",1,988,37
"2963",2,988,37
"2964",3,988,38
"2965",1,989,34
"2966",2,989,35
"2967",3,989,35
"2968",1,990,47
"2969",2,990,47
"2970",3,990,47
"2971",1,991,26
"2972",2,991,26
"2973",3,991,26
"2974",1,992,45
"2975",2,992,45
"2976",3,992,45
"2977",1,993,16
"2978",2,993,16
"2979",3,993,16
"2980",1,994,61
"2981",2,994,61
"2982",3,994,61
"2983",1,995,45
"2984",2,995,45
"2985",3,995,45
"2986",1,996,22
"2987",2,996,22
"2988",3,996,22
"2989",1,997,37
"2990",2,997,38
"2991",3,997,38
"2992",1,998,32
"2993",2,998,32
"2994",3,998,32
"2995",1,999,70
"2996",2,999,70
"2997",3,999,70
"2998",1,1000,30
"2999",2,1000,30
"3000",3,1000,30
